,asset,coingecko_name,timestamp,price,market_cap
0,1INCH,1inch,01/01/2020,0,0
1,1INCH,1inch,01/01/2020,0,0
2,1INCH,1inch,01/02/2020,0,0
3,1INCH,1inch,01/03/2020,0,0
4,1INCH,1inch,01/04/2020,0,0
5,1INCH,1inch,01/05/2020,0,0
6,1INCH,1inch,01/06/2020,0,0
7,1INCH,1inch,01/07/2020,0,0
8,1INCH,1inch,01/08/2020,0,0
9,1INCH,1inch,01/09/2020,0,0
10,1INCH,1inch,01/10/2020,0,0
11,1INCH,1inch,01/11/2020,0,0
12,1INCH,1inch,01/12/2020,0,0
13,1INCH,1inch,01/01/2021,1.372435813,105520598.5
14,1INCH,1inch,01/02/2021,4.991270683,483138786
15,1INCH,1inch,01/03/2021,3.818937684,369695024.4
16,1INCH,1inch,01/04/2021,4.321349938,652071832
17,1INCH,1inch,01/05/2021,5.665324229,899156017.9
18,1INCH,1inch,01/06/2021,3.206416013,535443777
19,1INCH,1inch,01/07/2021,2.534191914,437666770.9
20,1INCH,1inch,01/08/2021,2.396716832,432485738.2
21,1INCH,1inch,01/09/2021,3.062175289,552720022.5
22,1INCH,1inch,01/10/2021,2.552189858,460783005
23,1INCH,1inch,01/11/2021,4.588487614,829227929
24,1INCH,1inch,01/12/2021,3.546867348,643168255.5
25,1INCH,1inch,01/01/2022,2.394582171,1013679600
26,1INCH,1inch,01/02/2022,1.687805201,788689974.5
27,1INCH,1inch,01/03/2022,1.502325178,621872603.4
28,1INCH,1inch,01/04/2022,1.775955919,730581003.9
29,1INCH,1inch,01/05/2022,1.126344927,465153835.2
30,1INCH,1inch,01/06/2022,0.968704553,403195908.8
31,1INCH,1inch,01/07/2022,0.699584724,377518309.4
32,1INCH,1inch,01/08/2022,0.767371014,439253200.1
33,1INCH,1inch,01/09/2022,0.666903601,387058491.1
34,1INCH,1inch,01/10/2022,0.57772787,337246243
35,1INCH,1inch,01/11/2022,0,0
36,1INCH,1inch,01/12/2022,0,0
37,AAVE,aave,01/01/2020,0,0
38,AAVE,aave,01/02/2020,0,0
39,AAVE,aave,01/03/2020,0,0
40,AAVE,aave,01/04/2020,0,0
41,AAVE,aave,01/05/2020,0,0
42,AAVE,aave,01/06/2020,0,0
43,AAVE,aave,01/07/2020,0,0
44,AAVE,aave,01/08/2020,0,0
45,AAVE,aave,01/09/2020,0,0
46,AAVE,aave,01/10/2020,0,0
47,AAVE,aave,01/11/2020,29.67128364,333092591.5
48,AAVE,aave,01/12/2020,75.90579489,907887569.1
49,AAVE,aave,01/01/2021,88.32623524,1063588346
50,AAVE,aave,01/02/2021,299.3848161,3694895084
51,AAVE,aave,01/03/2021,351.1966942,4402379408
52,AAVE,aave,01/04/2021,381.1516576,4772072360
53,AAVE,aave,01/05/2021,444.077328,5632652992
54,AAVE,aave,01/06/2021,383.2289393,4901523330
55,AAVE,aave,01/07/2021,250.6638822,3215845646
56,AAVE,aave,01/08/2021,331.3183465,4286965586
57,AAVE,aave,01/09/2021,393.7886927,5200036199
58,AAVE,aave,01/10/2021,276.1764297,3640908518
59,AAVE,aave,01/11/2021,314.3814898,4166825409
60,AAVE,aave,01/12/2021,256.947264,3434100803
61,AAVE,aave,01/01/2022,255.5433284,3459438032
62,AAVE,aave,01/02/2022,157.8726341,2122718308
63,AAVE,aave,01/03/2022,145.6860251,1976361387
64,AAVE,aave,01/04/2022,206.1558429,2798690604
65,AAVE,aave,01/05/2022,143.7537471,1956583349
66,AAVE,aave,01/06/2022,114.0756211,1586953304
67,AAVE,aave,01/07/2022,56.61900036,774098461.6
68,AAVE,aave,01/08/2022,98.00848826,1378965563
69,AAVE,aave,01/09/2022,84.79737512,1186715234
70,AAVE,aave,01/10/2022,74.59022266,1052046111
71,AAVE,aave,01/11/2022,0,0
72,AAVE,aave,01/12/2022,0,0
73,AMP,amp-token,01/01/2020,0,0
74,AMP,amp-token,01/02/2020,0,0
75,AMP,amp-token,01/03/2020,0,0
76,AMP,amp-token,01/04/2020,0,0
77,AMP,amp-token,01/05/2020,0,0
78,AMP,amp-token,01/06/2020,0,0
79,AMP,amp-token,01/07/2020,0,0
80,AMP,amp-token,01/08/2020,0,0
81,AMP,amp-token,01/09/2020,0,0
82,AMP,amp-token,01/10/2020,0.006577566,0
83,AMP,amp-token,01/11/2020,0.003571406,0
84,AMP,amp-token,01/12/2020,0.006578055,0
85,AMP,amp-token,01/01/2021,0.006618141,0
86,AMP,amp-token,01/02/2021,0.00954064,0
87,AMP,amp-token,01/03/2021,0.022397334,813673018.9
88,AMP,amp-token,01/04/2021,0.028803455,1044577220
89,AMP,amp-token,01/05/2021,0.056299053,2027145656
90,AMP,amp-token,01/06/2021,0.037441931,1723056102
91,AMP,amp-token,01/07/2021,0.057737103,2771741996
92,AMP,amp-token,01/08/2021,0.073163338,3537365520
93,AMP,amp-token,01/09/2021,0.053301639,2569019034
94,AMP,amp-token,01/10/2021,0.048530732,2330851801
95,AMP,amp-token,01/11/2021,0.048427216,2330861198
96,AMP,amp-token,01/12/2021,0.061042052,2926790194
97,AMP,amp-token,01/01/2022,0.048365241,2329337031
98,AMP,amp-token,01/02/2022,0.029854237,1432006533
99,AMP,amp-token,01/03/2022,0.02902287,1399333433
100,AMP,amp-token,01/04/2022,0.027082342,1299479229
101,AMP,amp-token,01/05/2022,0.019445089,934846291.2
102,AMP,amp-token,01/06/2022,0.012549912,602412766.4
103,AMP,amp-token,01/07/2022,0.009859311,478131626.6
104,AMP,amp-token,01/08/2022,0.00912263,694677567.7
105,AMP,amp-token,01/09/2022,0.006198207,471146327.4
106,AMP,amp-token,01/10/2022,0.004884786,377281757.9
107,AMP,amp-token,01/11/2022,0,0
108,AMP,amp-token,01/12/2022,0,0
109,BAL,balancer,01/01/2020,0,0
110,BAL,balancer,01/02/2020,0,0
111,BAL,balancer,01/03/2020,0,0
112,BAL,balancer,01/04/2020,0,0
113,BAL,balancer,01/05/2020,0,0
114,BAL,balancer,01/06/2020,0,0
115,BAL,balancer,01/07/2020,10.07837145,61410261.88
116,BAL,balancer,01/08/2020,10.51662825,71534353.55
117,BAL,balancer,01/09/2020,32.91441816,244191091.6
118,BAL,balancer,01/10/2020,15.65229589,128119579.8
119,BAL,balancer,01/11/2020,9.923864626,81452496.07
120,BAL,balancer,01/12/2020,14.82559989,145323389
121,BAL,balancer,01/01/2021,13.58862912,146476720.9
122,BAL,balancer,01/02/2021,26.47914671,286441050.6
123,BAL,balancer,01/03/2021,34.29809987,372902965.1
124,BAL,balancer,01/04/2021,57.21036745,618045156.6
125,BAL,balancer,01/05/2021,61.83081504,666914577.8
126,BAL,balancer,01/06/2021,30.76991441,332222944.8
127,BAL,balancer,01/07/2021,22.22027765,240036892.9
128,BAL,balancer,01/08/2021,21.71302985,234507184.2
129,BAL,balancer,01/09/2021,27.84438352,300047497.8
130,BAL,balancer,01/10/2021,19.7481892,213239607.3
131,BAL,balancer,01/11/2021,24.66892894,266677015.5
132,BAL,balancer,01/12/2021,21.14461063,228759306.7
133,BAL,balancer,01/01/2022,17.53412915,189590081.8
134,BAL,balancer,01/02/2022,12.17848821,131328713.1
135,BAL,balancer,01/03/2022,13.06057274,140434727.3
136,BAL,balancer,01/04/2022,15.59440167,167714531.8
137,BAL,balancer,01/05/2022,12.234239,131457799.9
138,BAL,balancer,01/06/2022,7.469885049,81137883.98
139,BAL,balancer,01/07/2022,4.435679308,150403632.2
140,BAL,balancer,01/08/2022,6.167533277,217190093.8
141,BAL,balancer,01/09/2022,7.095511198,255252540
142,BAL,balancer,01/10/2022,5.345091043,195375154.7
143,BAL,balancer,01/11/2022,0,0
144,BAL,balancer,01/12/2022,0,0
145,COMP,compound-governance-token,01/01/2020,0,0
146,COMP,compound-governance-token,01/02/2020,0,0
147,COMP,compound-governance-token,01/03/2020,0,0
148,COMP,compound-governance-token,01/04/2020,0,0
149,COMP,compound-governance-token,01/05/2020,0,0
150,COMP,compound-governance-token,01/06/2020,0,0
151,COMP,compound-governance-token,01/07/2020,215.7322775,637581261.4
152,COMP,compound-governance-token,01/08/2020,134.5526566,425290754.6
153,COMP,compound-governance-token,01/09/2020,244.0236096,791853356.9
154,COMP,compound-governance-token,01/10/2020,133.1375077,442245278.6
155,COMP,compound-governance-token,01/11/2020,90.51183812,352945277.3
156,COMP,compound-governance-token,01/12/2020,111.5670591,443735140.9
157,COMP,compound-governance-token,01/01/2021,150.4254092,619544294
158,COMP,compound-governance-token,01/02/2021,347.7574844,1479060360
159,COMP,compound-governance-token,01/03/2021,400.1515979,1743235015
160,COMP,compound-governance-token,01/04/2021,398.2285624,1913889788
161,COMP,compound-governance-token,01/05/2021,743.2315228,3787589140
162,COMP,compound-governance-token,01/06/2021,434.8329853,2262786569
163,COMP,compound-governance-token,01/07/2021,334.4914361,1790332941
164,COMP,compound-governance-token,01/08/2021,407.0641743,2199784401
165,COMP,compound-governance-token,01/09/2021,442.3436664,2387843262
166,COMP,compound-governance-token,01/10/2021,312.1323003,1837311570
167,COMP,compound-governance-token,01/11/2021,344.9209455,2115017223
168,COMP,compound-governance-token,01/12/2021,278.9431847,1730601481
169,COMP,compound-governance-token,01/01/2022,200.1708157,1266899303
170,COMP,compound-governance-token,01/02/2022,122.0806995,794395332.3
171,COMP,compound-governance-token,01/03/2022,120.321795,791225932.4
172,COMP,compound-governance-token,01/04/2022,148.643325,989486802
173,COMP,compound-governance-token,01/05/2022,104.4907812,701000856.4
174,COMP,compound-governance-token,01/06/2022,63.81537751,437707812.9
175,COMP,compound-governance-token,01/07/2022,45.15895829,312976806.9
176,COMP,compound-governance-token,01/08/2022,57.26433587,392808973.8
177,COMP,compound-governance-token,01/09/2022,46.36003579,317806107.5
178,COMP,compound-governance-token,01/10/2022,60.98358057,417836889
179,COMP,compound-governance-token,01/11/2022,0,0
180,COMP,compound-governance-token,01/12/2022,0,0
181,CRV,curve-dao-token,01/01/2020,0,0
182,CRV,curve-dao-token,01/02/2020,0,0
183,CRV,curve-dao-token,01/03/2020,0,0
184,CRV,curve-dao-token,01/04/2020,0,0
185,CRV,curve-dao-token,01/05/2020,0,0
186,CRV,curve-dao-token,01/06/2020,0,0
187,CRV,curve-dao-token,01/07/2020,0,0
188,CRV,curve-dao-token,01/08/2020,0,0
189,CRV,curve-dao-token,01/09/2020,4.278669736,110420256.1
190,CRV,curve-dao-token,01/10/2020,0.94626206,64506604.82
191,CRV,curve-dao-token,01/11/2020,0.41653119,43508746.71
192,CRV,curve-dao-token,01/12/2020,0.672661469,92016442.34
193,CRV,curve-dao-token,01/01/2021,0.626768353,109846371.5
194,CRV,curve-dao-token,01/02/2021,2.519547774,522242842
195,CRV,curve-dao-token,01/03/2021,1.757604631,411743911.7
196,CRV,curve-dao-token,01/04/2021,3.115363644,814289213.4
197,CRV,curve-dao-token,01/05/2021,3.328541274,967762162.2
198,CRV,curve-dao-token,01/06/2021,1.961302841,704408805.3
199,CRV,curve-dao-token,01/07/2021,1.824473669,641959131
200,CRV,curve-dao-token,01/08/2021,1.715580534,607976675.1
201,CRV,curve-dao-token,01/09/2021,2.241805809,897396496.6
202,CRV,curve-dao-token,01/10/2021,2.332841592,930804678.8
203,CRV,curve-dao-token,01/11/2021,4.427371993,1737217346
204,CRV,curve-dao-token,01/12/2021,4.89770431,1921140860
205,CRV,curve-dao-token,01/01/2022,5.353084875,2123316193
206,CRV,curve-dao-token,01/02/2022,3.285569742,1282203618
207,CRV,curve-dao-token,01/03/2022,2.434658446,952036713
208,CRV,curve-dao-token,01/04/2022,2.629185432,1027403036
209,CRV,curve-dao-token,01/05/2022,2.003673423,781369286.9
210,CRV,curve-dao-token,01/06/2022,1.385956769,546257805.9
211,CRV,curve-dao-token,01/07/2022,0.668729817,262457330.1
212,CRV,curve-dao-token,01/08/2022,1.321805657,517359782.3
213,CRV,curve-dao-token,01/09/2022,1.147535866,451330180
214,CRV,curve-dao-token,01/10/2022,0.917083052,358628317.1
215,CRV,curve-dao-token,01/11/2022,0,0
216,CRV,curve-dao-token,01/12/2022,0,0
217,CVX,convex-finance,01/01/2020,0,0
218,CVX,convex-finance,01/02/2020,0,0
219,CVX,convex-finance,01/03/2020,0,0
220,CVX,convex-finance,01/04/2020,0,0
221,CVX,convex-finance,01/05/2020,0,0
222,CVX,convex-finance,01/06/2020,0,0
223,CVX,convex-finance,01/07/2020,0,0
224,CVX,convex-finance,01/08/2020,0,0
225,CVX,convex-finance,01/09/2020,0,0
226,CVX,convex-finance,01/10/2020,0,0
227,CVX,convex-finance,01/11/2020,0,0
228,CVX,convex-finance,01/12/2020,0,0
229,CVX,convex-finance,01/01/2021,0,0
230,CVX,convex-finance,01/02/2021,0,0
231,CVX,convex-finance,01/03/2021,0,0
232,CVX,convex-finance,01/04/2021,0,0
233,CVX,convex-finance,01/05/2021,0,0
234,CVX,convex-finance,01/06/2021,7.737394198,17825799.02
235,CVX,convex-finance,01/07/2021,4.845565575,39931090.29
236,CVX,convex-finance,01/08/2021,3.595643043,53661023.43
237,CVX,convex-finance,01/09/2021,6.658436337,141387726.4
238,CVX,convex-finance,01/10/2021,8.31592369,230190449.5
239,CVX,convex-finance,01/11/2021,28.79957845,971235331.4
240,CVX,convex-finance,01/12/2021,27.70619269,1085114737
241,CVX,convex-finance,01/01/2022,49.06768907,2178369463
242,CVX,convex-finance,01/02/2022,26.85457593,1297174228
243,CVX,convex-finance,01/03/2022,19.28257244,1005324605
244,CVX,convex-finance,01/04/2022,28.92074923,1624469856
245,CVX,convex-finance,01/05/2022,23.0076692,1388048443
246,CVX,convex-finance,01/06/2022,10.27153555,643396549.4
247,CVX,convex-finance,01/07/2022,4.308341869,279186644.6
248,CVX,convex-finance,01/08/2022,7.435931435,491685885
249,CVX,convex-finance,01/09/2022,5.054774303,340442698.6
250,CVX,convex-finance,01/10/2022,4.931006362,341203560.5
251,CVX,convex-finance,01/11/2022,0,0
252,CVX,convex-finance,01/12/2022,0,0
253,DYDX,dydx,01/01/2020,0,0
254,DYDX,dydx,01/02/2020,0,0
255,DYDX,dydx,01/03/2020,0,0
256,DYDX,dydx,01/04/2020,0,0
257,DYDX,dydx,01/05/2020,0,0
258,DYDX,dydx,01/06/2020,0,0
259,DYDX,dydx,01/07/2020,0,0
260,DYDX,dydx,01/08/2020,0,0
261,DYDX,dydx,01/09/2020,0,0
262,DYDX,dydx,01/10/2020,0,0
263,DYDX,dydx,01/11/2020,0,0
264,DYDX,dydx,01/12/2020,0,0
265,DYDX,dydx,01/01/2021,0,0
266,DYDX,dydx,01/02/2021,0,0
267,DYDX,dydx,01/03/2021,0,0
268,DYDX,dydx,01/04/2021,0,0
269,DYDX,dydx,01/05/2021,0,0
270,DYDX,dydx,01/06/2021,0,0
271,DYDX,dydx,01/07/2021,0,0
272,DYDX,dydx,01/08/2021,0,0
273,DYDX,dydx,01/09/2021,0,0
274,DYDX,dydx,01/10/2021,23.60717911,1213259265
275,DYDX,dydx,01/11/2021,15.20042323,867744075.2
276,DYDX,dydx,01/12/2021,12.55215998,802025218.7
277,DYDX,dydx,01/01/2022,8.128862816,592622894.8
278,DYDX,dydx,01/02/2022,5.921642234,468101090.9
279,DYDX,dydx,01/03/2022,5.869302673,494516920.9
280,DYDX,dydx,01/04/2022,5.970912361,546128892.8
281,DYDX,dydx,01/05/2022,3.466726267,329833294.2
282,DYDX,dydx,01/06/2022,2.038160526,206080028.8
283,DYDX,dydx,01/07/2022,1.347958105,142813815.5
284,DYDX,dydx,01/08/2022,2.522684025,284755621
285,DYDX,dydx,01/09/2022,1.518012111,183943671.7
286,DYDX,dydx,01/10/2022,1.273433498,160908099.1
287,DYDX,dydx,01/11/2022,0,0
288,DYDX,dydx,01/12/2022,0,0
289,FXS,frax-share,01/01/2020,0,0
290,FXS,frax-share,01/02/2020,0,0
291,FXS,frax-share,01/03/2020,0,0
292,FXS,frax-share,01/04/2020,0,0
293,FXS,frax-share,01/05/2020,0,0
294,FXS,frax-share,01/06/2020,0,0
295,FXS,frax-share,01/07/2020,0,0
296,FXS,frax-share,01/08/2020,0,0
297,FXS,frax-share,01/09/2020,0,0
298,FXS,frax-share,01/10/2020,0,0
299,FXS,frax-share,01/11/2020,0,0
300,FXS,frax-share,01/12/2020,0,0
301,FXS,frax-share,01/01/2021,5.178934417,11601341.39
302,FXS,frax-share,01/02/2021,5.717175069,23372891.96
303,FXS,frax-share,01/03/2021,7.825402753,56907921.73
304,FXS,frax-share,01/04/2021,9.231280525,88852699.16
305,FXS,frax-share,01/05/2021,6.684151145,71733853.26
306,FXS,frax-share,01/06/2021,2.709466353,38174798
307,FXS,frax-share,01/07/2021,1.977386942,51206217.22
308,FXS,frax-share,01/08/2021,3.063391133,98050557.08
309,FXS,frax-share,01/09/2021,6.165847899,197181771.4
310,FXS,frax-share,01/10/2021,4.469738718,159911517.7
311,FXS,frax-share,01/11/2021,13.90975655,496412465.6
312,FXS,frax-share,01/12/2021,17.87976478,638095075.7
313,FXS,frax-share,01/01/2022,38.68689877,1370682957
314,FXS,frax-share,01/02/2022,21.6218197,768365795.4
315,FXS,frax-share,01/03/2022,22.67652681,1301701736
316,FXS,frax-share,01/04/2022,22.42823686,1289765874
317,FXS,frax-share,01/05/2022,23.52069628,1414776804
318,FXS,frax-share,01/06/2022,7.510696474,453521197.9
319,FXS,frax-share,01/07/2022,4.817831502,340032121.7
320,FXS,frax-share,01/08/2022,7.438550657,537213400.3
321,FXS,frax-share,01/09/2022,5.752246751,381507775
322,FXS,frax-share,01/10/2022,4.115066146,276028965.4
323,FXS,frax-share,01/11/2022,0,0
324,FXS,frax-share,01/12/2022,0,0
325,GMX,gmx,01/01/2020,0,0
326,GMX,gmx,01/02/2020,0,0
327,GMX,gmx,01/03/2020,0,0
328,GMX,gmx,01/04/2020,0,0
329,GMX,gmx,01/05/2020,0,0
330,GMX,gmx,01/06/2020,0,0
331,GMX,gmx,01/07/2020,0,0
332,GMX,gmx,01/08/2020,0,0
333,GMX,gmx,01/09/2020,0,0
334,GMX,gmx,01/10/2020,0,0
335,GMX,gmx,01/11/2020,0,0
336,GMX,gmx,01/12/2020,0,0
337,GMX,gmx,01/01/2021,0,0
338,GMX,gmx,01/02/2021,0,0
339,GMX,gmx,01/03/2021,0,0
340,GMX,gmx,01/04/2021,0,0
341,GMX,gmx,01/05/2021,0,0
342,GMX,gmx,01/06/2021,0,0
343,GMX,gmx,01/07/2021,0,0
344,GMX,gmx,01/08/2021,0,0
345,GMX,gmx,01/09/2021,0,0
346,GMX,gmx,01/10/2021,15.53545914,103036639
347,GMX,gmx,01/11/2021,36.51170798,245932359.8
348,GMX,gmx,01/12/2021,34.00311642,238277596.8
349,GMX,gmx,01/01/2022,21.69443474,153034496.3
350,GMX,gmx,01/02/2022,40.66402608,293401515.9
351,GMX,gmx,01/03/2022,29.31207375,214197110.2
352,GMX,gmx,01/04/2022,39.80456839,297551942.3
353,GMX,gmx,01/05/2022,25.47626072,192062645.6
354,GMX,gmx,01/06/2022,20.48412915,157148668.2
355,GMX,gmx,01/07/2022,15.33869933,117563593.4
356,GMX,gmx,01/08/2022,40.20717928,317376338.8
357,GMX,gmx,01/09/2022,49.64190509,402330373
358,GMX,gmx,01/10/2022,39.73314304,320927729.5
359,GMX,gmx,01/11/2022,0,0
360,GMX,gmx,01/12/2022,0,0
361,KNC,kyber-network-crystal,01/01/2020,0,0
362,KNC,kyber-network-crystal,01/02/2020,0,0
363,KNC,kyber-network-crystal,01/03/2020,0,0
364,KNC,kyber-network-crystal,01/04/2020,0,0
365,KNC,kyber-network-crystal,01/05/2020,0,0
366,KNC,kyber-network-crystal,01/06/2020,0,0
367,KNC,kyber-network-crystal,01/07/2020,0,0
368,KNC,kyber-network-crystal,01/08/2020,0,0
369,KNC,kyber-network-crystal,01/09/2020,0,0
370,KNC,kyber-network-crystal,01/10/2020,0,0
371,KNC,kyber-network-crystal,01/11/2020,0,0
372,KNC,kyber-network-crystal,01/12/2020,0,0
373,KNC,kyber-network-crystal,01/01/2021,0,0
374,KNC,kyber-network-crystal,01/02/2021,0,0
375,KNC,kyber-network-crystal,01/03/2021,0,0
376,KNC,kyber-network-crystal,01/04/2021,0,0
377,KNC,kyber-network-crystal,01/05/2021,0,0
378,KNC,kyber-network-crystal,01/06/2021,1.688499799,65943591.28
379,KNC,kyber-network-crystal,01/07/2021,1.68599526,166207387.1
380,KNC,kyber-network-crystal,01/08/2021,1.635147213,168164049.9
381,KNC,kyber-network-crystal,01/09/2021,1.933911449,198262994.4
382,KNC,kyber-network-crystal,01/10/2021,1.486929588,152585240.6
383,KNC,kyber-network-crystal,01/11/2021,1.995450094,204909310.9
384,KNC,kyber-network-crystal,01/12/2021,1.935529994,198681635.1
385,KNC,kyber-network-crystal,01/01/2022,1.285014105,132059093.8
386,KNC,kyber-network-crystal,01/02/2022,1.89412939,193884027.1
387,KNC,kyber-network-crystal,01/03/2022,2.420515584,248002470.4
388,KNC,kyber-network-crystal,01/04/2022,3.251376751,332798814
389,KNC,kyber-network-crystal,01/05/2022,4.914449675,504483159.9
390,KNC,kyber-network-crystal,01/06/2022,2.187470461,224458465.5
391,KNC,kyber-network-crystal,01/07/2022,1.242363929,126441840.7
392,KNC,kyber-network-crystal,01/08/2022,1.544213039,158254065.1
393,KNC,kyber-network-crystal,01/09/2022,1.724647529,176580295.9
394,KNC,kyber-network-crystal,01/10/2022,1.178450535,120428671.7
395,KNC,kyber-network-crystal,01/11/2022,0,0
396,KNC,kyber-network-crystal,01/12/2022,0,0
397,LDO,lido-dao,01/01/2020,0,0
398,LDO,lido-dao,01/02/2020,0,0
399,LDO,lido-dao,01/03/2020,0,0
400,LDO,lido-dao,01/04/2020,0,0
401,LDO,lido-dao,01/05/2020,0,0
402,LDO,lido-dao,01/06/2020,0,0
403,LDO,lido-dao,01/07/2020,0,0
404,LDO,lido-dao,01/08/2020,0,0
405,LDO,lido-dao,01/09/2020,0,0
406,LDO,lido-dao,01/10/2020,0,0
407,LDO,lido-dao,01/11/2020,0,0
408,LDO,lido-dao,01/12/2020,0,0
409,LDO,lido-dao,01/01/2021,0,0
410,LDO,lido-dao,01/02/2021,1.958766002,17579716.31
411,LDO,lido-dao,01/03/2021,0.834163664,11617309.18
412,LDO,lido-dao,01/04/2021,1.141269901,22549386.1
413,LDO,lido-dao,01/05/2021,2.852198285,70555213.31
414,LDO,lido-dao,01/06/2021,2.328465331,65456496.38
415,LDO,lido-dao,01/07/2021,1.678595593,47729297.12
416,LDO,lido-dao,01/08/2021,3.519325631,100023435
417,LDO,lido-dao,01/09/2021,5.17267236,214125504.9
418,LDO,lido-dao,01/10/2021,4.931103852,251503780.5
419,LDO,lido-dao,01/11/2021,3.261472109,183595766.2
420,LDO,lido-dao,01/12/2021,4.29139128,262124367.7
421,LDO,lido-dao,01/01/2022,3.104049045,205905454
422,LDO,lido-dao,01/02/2022,2.022007543,163392678.9
423,LDO,lido-dao,01/03/2022,1.919494192,194542916.1
424,LDO,lido-dao,01/04/2022,3.662868194,1070540455
425,LDO,lido-dao,01/05/2022,2.896620133,930745257.1
426,LDO,lido-dao,01/06/2022,1.054264033,412936947.7
427,LDO,lido-dao,01/07/2022,0.446762631,201848447.4
428,LDO,lido-dao,01/08/2022,2.168905296,1139584783
429,LDO,lido-dao,01/09/2022,1.971923298,1166442540
430,LDO,lido-dao,01/10/2022,1.579654572,1034389539
431,LDO,lido-dao,01/11/2022,0,0
432,LDO,lido-dao,01/12/2022,0,0
433,MKR,maker,01/01/2020,434.6841637,322805962.3
434,MKR,maker,01/02/2020,542.1406511,472944596.8
435,MKR,maker,01/03/2020,552.6314254,480757187
436,MKR,maker,01/04/2020,292.2760648,258862895.6
437,MKR,maker,01/05/2020,335.3718985,298767695.2
438,MKR,maker,01/06/2020,459.7523207,407971618.4
439,MKR,maker,01/07/2020,454.9376246,409359363.4
440,MKR,maker,01/08/2020,557.2646318,503147257.7
441,MKR,maker,01/09/2020,680.6968363,614883659.8
442,MKR,maker,01/10/2020,573.2395301,524004281.2
443,MKR,maker,01/11/2020,523.5585073,476554395.8
444,MKR,maker,01/12/2020,567.5309145,515881439.2
445,MKR,maker,01/01/2021,587.2288265,529774890.1
446,MKR,maker,01/02/2021,1478.7448,1338454552
447,MKR,maker,01/03/2021,2020.944422,1842414279
448,MKR,maker,01/04/2021,2117.264373,1912421633
449,MKR,maker,01/05/2021,4349.390696,3909896266
450,MKR,maker,01/06/2021,3587.942051,3234284381
451,MKR,maker,01/07/2021,2631.899054,2370360888
452,MKR,maker,01/08/2021,2997.710198,2705096216
453,MKR,maker,01/09/2021,3533.311041,3189093234
454,MKR,maker,01/10/2021,2292.8679,2067629131
455,MKR,maker,01/11/2021,2418.993033,2183281593
456,MKR,maker,01/12/2021,3055.884476,2754302132
457,MKR,maker,01/01/2022,2341.385325,2114974365
458,MKR,maker,01/02/2022,2143.424127,1925787820
459,MKR,maker,01/03/2022,1962.588721,1764943606
460,MKR,maker,01/04/2022,2082.967076,1869717296
461,MKR,maker,01/05/2022,1450.045879,1291718700
462,MKR,maker,01/06/2022,1319.52925,1189306158
463,MKR,maker,01/07/2022,860.9493852,778545317.7
464,MKR,maker,01/08/2022,1106.333967,995999217.3
465,MKR,maker,01/09/2022,762.3051062,687055199.4
466,MKR,maker,01/10/2022,739.2688014,665896939.1
467,MKR,maker,01/11/2022,0,0
468,MKR,maker,01/12/2022,0,0
469,MPL,maple,01/01/2020,0,0
470,MPL,maple,01/02/2020,0,0
471,MPL,maple,01/03/2020,0,0
472,MPL,maple,01/04/2020,0,0
473,MPL,maple,01/05/2020,0,0
474,MPL,maple,01/06/2020,0,0
475,MPL,maple,01/07/2020,0,0
476,MPL,maple,01/08/2020,0,0
477,MPL,maple,01/09/2020,0,0
478,MPL,maple,01/10/2020,0,0
479,MPL,maple,01/11/2020,0,0
480,MPL,maple,01/12/2020,0,0
481,MPL,maple,01/01/2021,0,0
482,MPL,maple,01/02/2021,0,0
483,MPL,maple,01/03/2021,0,0
484,MPL,maple,01/04/2021,0,0
485,MPL,maple,01/05/2021,23.32741827,0
486,MPL,maple,01/06/2021,12.12885095,13619860.12
487,MPL,maple,01/07/2021,6.985908869,11027766.85
488,MPL,maple,01/08/2021,6.08179878,13651033.89
489,MPL,maple,01/09/2021,12.28169325,29047745.12
490,MPL,maple,01/10/2021,14.09218657,34021764.36
491,MPL,maple,01/11/2021,21.34905285,59901552.38
492,MPL,maple,01/12/2021,22.132259,64363787.12
493,MPL,maple,01/01/2022,17.74507846,55225592.8
494,MPL,maple,01/02/2022,15.91800481,56399121.48
495,MPL,maple,01/03/2022,20.98358205,90847396.65
496,MPL,maple,01/04/2022,50.97028232,242426811.3
497,MPL,maple,01/05/2022,53.40659721,298304576.9
498,MPL,maple,01/06/2022,27.02672279,166692861.9
499,MPL,maple,01/07/2022,8.629918736,53768022.41
500,MPL,maple,01/08/2022,15.84270258,98696506.16
501,MPL,maple,01/09/2022,18.57117356,115783907
502,MPL,maple,01/10/2022,18.05568064,112265592.3
503,MPL,maple,01/11/2022,0,0
504,MPL,maple,01/12/2022,0,0
505,OHM,olympus,01/01/2020,0,0
506,OHM,olympus,01/02/2020,0,0
507,OHM,olympus,01/03/2020,0,0
508,OHM,olympus,01/04/2020,0,0
509,OHM,olympus,01/05/2020,0,0
510,OHM,olympus,01/06/2020,0,0
511,OHM,olympus,01/07/2020,0,0
512,OHM,olympus,01/08/2020,0,0
513,OHM,olympus,01/09/2020,0,0
514,OHM,olympus,01/10/2020,0,0
515,OHM,olympus,01/11/2020,0,0
516,OHM,olympus,01/12/2020,0,0
517,OHM,olympus,01/01/2021,0,0
518,OHM,olympus,01/02/2021,0,0
519,OHM,olympus,01/03/2021,0,0
520,OHM,olympus,01/04/2021,501.078286,30154846.82
521,OHM,olympus,01/05/2021,801.4220414,106740335.8
522,OHM,olympus,01/06/2021,207.6557516,54525988.49
523,OHM,olympus,01/07/2021,424.2956456,209028438.6
524,OHM,olympus,01/08/2021,395.9109868,334746985
525,OHM,olympus,01/09/2021,312.5572507,434993175.1
526,OHM,olympus,01/10/2021,783.146247,1705046829
527,OHM,olympus,01/11/2021,1063.752482,3722941659
528,OHM,olympus,01/12/2021,813.565775,4264992000
529,OHM,olympus,01/01/2022,301.1662057,2147973923
530,OHM,olympus,01/02/2022,61.78549032,591188978.9
531,OHM,olympus,01/03/2022,41.33419643,489756323.1
532,OHM,olympus,01/04/2022,33.96295681,503288741.7
533,OHM,olympus,01/05/2022,20.018201,355974563.1
534,OHM,olympus,01/06/2022,19.97152332,399631126.2
535,OHM,olympus,01/07/2022,13.00755374,279372379.6
536,OHM,olympus,01/08/2022,14.97527574,350902519.8
537,OHM,olympus,01/09/2022,11.65864091,300745009
538,OHM,olympus,01/10/2022,10.30181895,288935201.7
539,OHM,olympus,01/11/2022,0,0
540,OHM,olympus,01/12/2022,0,0
541,OSMO,osmosis,01/01/2020,0,0
542,OSMO,osmosis,01/02/2020,0,0
543,OSMO,osmosis,01/03/2020,0,0
544,OSMO,osmosis,01/04/2020,0,0
545,OSMO,osmosis,01/05/2020,0,0
546,OSMO,osmosis,01/06/2020,0,0
547,OSMO,osmosis,01/07/2020,0,0
548,OSMO,osmosis,01/08/2020,0,0
549,OSMO,osmosis,01/09/2020,0,0
550,OSMO,osmosis,01/10/2020,0,0
551,OSMO,osmosis,01/11/2020,0,0
552,OSMO,osmosis,01/12/2020,0,0
553,OSMO,osmosis,01/01/2021,0,0
554,OSMO,osmosis,01/02/2021,0,0
555,OSMO,osmosis,01/03/2021,0,0
556,OSMO,osmosis,01/04/2021,0,0
557,OSMO,osmosis,01/05/2021,0,0
558,OSMO,osmosis,01/06/2021,0,0
559,OSMO,osmosis,01/07/2021,4.008385988,0
560,OSMO,osmosis,01/08/2021,1.790115783,241942208.5
561,OSMO,osmosis,01/09/2021,3.744192894,599069653.7
562,OSMO,osmosis,01/10/2021,5.337552096,985797843.9
563,OSMO,osmosis,01/11/2021,5.420556792,1140751697
564,OSMO,osmosis,01/12/2021,5.349319833,1256838074
565,OSMO,osmosis,01/01/2022,6.255461092,1632928749
566,OSMO,osmosis,01/02/2022,7.701870163,2196356823
567,OSMO,osmosis,01/03/2022,9.997714832,3093645127
568,OSMO,osmosis,01/04/2022,8.054372492,2688838742
569,OSMO,osmosis,01/05/2022,3.909896309,1402104735
570,OSMO,osmosis,01/06/2022,1.383922785,532374532.7
571,OSMO,osmosis,01/07/2022,0.771927758,311714980.5
572,OSMO,osmosis,01/08/2022,1.031891946,434909049.6
573,OSMO,osmosis,01/09/2022,1.175146781,517085875.2
574,OSMO,osmosis,01/10/2022,1.101623577,501844259.7
575,OSMO,osmosis,01/11/2022,0,0
576,OSMO,osmosis,01/12/2022,0,0
577,RBN,ribbon-finance,01/01/2020,0,0
578,RBN,ribbon-finance,01/02/2020,0,0
579,RBN,ribbon-finance,01/03/2020,0,0
580,RBN,ribbon-finance,01/04/2020,0,0
581,RBN,ribbon-finance,01/05/2020,0,0
582,RBN,ribbon-finance,01/06/2020,0,0
583,RBN,ribbon-finance,01/07/2020,0,0
584,RBN,ribbon-finance,01/08/2020,0,0
585,RBN,ribbon-finance,01/09/2020,0,0
586,RBN,ribbon-finance,01/10/2020,0,0
587,RBN,ribbon-finance,01/11/2020,0,0
588,RBN,ribbon-finance,01/12/2020,0,0
589,RBN,ribbon-finance,01/01/2021,0,0
590,RBN,ribbon-finance,01/02/2021,0,0
591,RBN,ribbon-finance,01/03/2021,0,0
592,RBN,ribbon-finance,01/04/2021,0,0
593,RBN,ribbon-finance,01/05/2021,0,0
594,RBN,ribbon-finance,01/06/2021,0,0
595,RBN,ribbon-finance,01/07/2021,0,0
596,RBN,ribbon-finance,01/08/2021,0,0
597,RBN,ribbon-finance,01/09/2021,0,0
598,RBN,ribbon-finance,01/10/2021,0,0
599,RBN,ribbon-finance,01/11/2021,2.043267884,76086664.42
600,RBN,ribbon-finance,01/12/2021,1.887777181,87543932.17
601,RBN,ribbon-finance,01/01/2022,2.505990825,121483172.1
602,RBN,ribbon-finance,01/02/2022,1.863681636,95246192.07
603,RBN,ribbon-finance,01/03/2022,1.209196314,61749486.71
604,RBN,ribbon-finance,01/04/2022,1.534502388,80164242.93
605,RBN,ribbon-finance,01/05/2022,0.658619776,33764876.76
606,RBN,ribbon-finance,01/06/2022,0.316090893,51698626.44
607,RBN,ribbon-finance,01/07/2022,0.21576279,63957807.78
608,RBN,ribbon-finance,01/08/2022,0.275497359,84693456.86
609,RBN,ribbon-finance,01/09/2022,0.224338267,73645562.61
610,RBN,ribbon-finance,01/10/2022,0.249830268,133086738
611,RBN,ribbon-finance,01/11/2022,0,0
612,RBN,ribbon-finance,01/12/2022,0,0
613,REN,republic-protocol,01/01/2020,0.03087545,26120315.32
614,REN,republic-protocol,01/02/2020,0.044310934,37602381.89
615,REN,republic-protocol,01/03/2020,0.051366375,45848507.91
616,REN,republic-protocol,01/04/2020,0.046494707,40599211.48
617,REN,republic-protocol,01/05/2020,0.067907898,59011023.81
618,REN,republic-protocol,01/06/2020,0.091883979,79155228.59
619,REN,republic-protocol,01/07/2020,0.146563884,128109301.6
620,REN,republic-protocol,01/08/2020,0.158608015,139091949
621,REN,republic-protocol,01/09/2020,0.507540572,436638654.1
622,REN,republic-protocol,01/10/2020,0.238302309,210767783.7
623,REN,republic-protocol,01/11/2020,0.285326132,250706024.9
624,REN,republic-protocol,01/12/2020,0.335872694,297747099.4
625,REN,republic-protocol,01/01/2021,0.32079481,278592389.2
626,REN,republic-protocol,01/02/2021,0.626302975,542302823.9
627,REN,republic-protocol,01/03/2021,1.033711444,924270774.9
628,REN,republic-protocol,01/04/2021,1.026178587,906038479.5
629,REN,republic-protocol,01/05/2021,0.97693407,858850362.3
630,REN,republic-protocol,01/06/2021,0.556820686,488230121.4
631,REN,republic-protocol,01/07/2021,0.372922158,328711244.3
632,REN,republic-protocol,01/08/2021,0.443933555,392487421.1
633,REN,republic-protocol,01/09/2021,0.771279415,679831020.8
634,REN,republic-protocol,01/10/2021,0.938079532,825749765.4
635,REN,republic-protocol,01/11/2021,1.029475253,1029339397
636,REN,republic-protocol,01/12/2021,0.898663301,901153293.8
637,REN,republic-protocol,01/01/2022,0.529813346,531727667.4
638,REN,republic-protocol,01/02/2022,0.332589934,332446696.6
639,REN,republic-protocol,01/03/2022,0.349365128,348206460.1
640,REN,republic-protocol,01/04/2022,0.494020105,489423908
641,REN,republic-protocol,01/05/2022,0.277937664,276773594.6
642,REN,republic-protocol,01/06/2022,0.159103537,159037173
643,REN,republic-protocol,01/07/2022,0.111089399,109412860.4
644,REN,republic-protocol,01/08/2022,0.144013353,144185790.2
645,REN,republic-protocol,01/09/2022,0.119277773,119223596.3
646,REN,republic-protocol,01/10/2022,0.117283719,116993679
647,REN,republic-protocol,01/11/2022,0,0
648,REN,republic-protocol,01/12/2022,0,0
649,RPL,rocket-pool,01/01/2020,0.369935856,0
650,RPL,rocket-pool,01/02/2020,0.517723204,0
651,RPL,rocket-pool,01/03/2020,0.471389925,0
652,RPL,rocket-pool,01/04/2020,0.388816828,0
653,RPL,rocket-pool,01/05/2020,0.966509514,0
654,RPL,rocket-pool,01/06/2020,2.641890659,41639682.97
655,RPL,rocket-pool,01/07/2020,1.736725234,27540279.17
656,RPL,rocket-pool,01/08/2020,3.056095676,48256933.3
657,RPL,rocket-pool,01/09/2020,3.640652815,57995091.1
658,RPL,rocket-pool,01/10/2020,2.912685722,46374736.86
659,RPL,rocket-pool,01/11/2020,2.828383307,45018026.92
660,RPL,rocket-pool,01/12/2020,3.414505393,54540961.93
661,RPL,rocket-pool,01/01/2021,2.288506368,36545817.33
662,RPL,rocket-pool,01/02/2021,4.266105857,68121055.35
663,RPL,rocket-pool,01/03/2021,7.641940005,123264589.2
664,RPL,rocket-pool,01/04/2021,15.38588924,239816793.7
665,RPL,rocket-pool,01/05/2021,18.67833444,301346603.3
666,RPL,rocket-pool,01/06/2021,15.93325875,257016818.6
667,RPL,rocket-pool,01/07/2021,9.691812785,156746895.9
668,RPL,rocket-pool,01/08/2021,13.76224255,222717835.9
669,RPL,rocket-pool,01/09/2021,18.90430186,305622086.2
670,RPL,rocket-pool,01/10/2021,31.73070565,513256088.3
671,RPL,rocket-pool,01/11/2021,34.59575205,561194820.1
672,RPL,rocket-pool,01/12/2021,51.47940945,834715107.3
673,RPL,rocket-pool,01/01/2022,41.73558593,677543873.6
674,RPL,rocket-pool,01/02/2022,29.92310768,483793727.2
675,RPL,rocket-pool,01/03/2022,30.29488912,491710539.5
676,RPL,rocket-pool,01/04/2022,35.8902695,581483070
677,RPL,rocket-pool,01/05/2022,29.69782262,480348079.2
678,RPL,rocket-pool,01/06/2022,18.47155687,299545299.9
679,RPL,rocket-pool,01/07/2022,10.34598141,164025260.7
680,RPL,rocket-pool,01/08/2022,22.10621245,357717439.3
681,RPL,rocket-pool,01/09/2022,23.44373838,379698671.6
682,RPL,rocket-pool,01/10/2022,24.52203289,462363468.1
683,RPL,rocket-pool,01/11/2022,0,0
684,RPL,rocket-pool,01/12/2022,0,0
685,RUNE,thorchain,01/01/2020,0.070140754,8898724.718
686,RUNE,thorchain,01/02/2020,0.127644167,17215359.54
687,RUNE,thorchain,01/03/2020,0.097966639,13900726.56
688,RUNE,thorchain,01/04/2020,0.064415497,9637186.739
689,RUNE,thorchain,01/05/2020,0.112028999,18373787.41
690,RUNE,thorchain,01/06/2020,0.129713897,21052323.83
691,RUNE,thorchain,01/07/2020,0.364570041,62067692.9
692,RUNE,thorchain,01/08/2020,0.461671577,81138123.25
693,RUNE,thorchain,01/09/2020,1.029122989,216395879.7
694,RUNE,thorchain,01/10/2020,0.487168714,102380822.1
695,RUNE,thorchain,01/11/2020,0.405418819,86596744.75
696,RUNE,thorchain,01/12/2020,0.854275306,187142597.7
697,RUNE,thorchain,01/01/2021,1.171667246,256076084.2
698,RUNE,thorchain,01/02/2021,3.594839944,821174178.6
699,RUNE,thorchain,01/03/2021,4.367543322,1034858216
700,RUNE,thorchain,01/04/2021,7.943803273,1844928056
701,RUNE,thorchain,01/05/2021,15.4039892,3622634652
702,RUNE,thorchain,01/06/2021,12.63568939,3196287683
703,RUNE,thorchain,01/07/2021,6.780257115,1843100350
704,RUNE,thorchain,01/08/2021,6.503522011,1772303403
705,RUNE,thorchain,01/09/2021,9.915868289,2596726196
706,RUNE,thorchain,01/10/2021,6.946459454,1824928235
707,RUNE,thorchain,01/11/2021,14.73468108,4341364445
708,RUNE,thorchain,01/12/2021,11.2545779,3343308155
709,RUNE,thorchain,01/01/2022,6.808475089,2037986240
710,RUNE,thorchain,01/02/2022,4.135045773,1242434826
711,RUNE,thorchain,01/03/2022,4.002454902,1198249195
712,RUNE,thorchain,01/04/2022,11.44227259,3426231923
713,RUNE,thorchain,01/05/2022,6.093620009,1825979248
714,RUNE,thorchain,01/06/2022,3.197225558,963712548.6
715,RUNE,thorchain,01/07/2022,1.846156112,543218288.5
716,RUNE,thorchain,01/08/2022,2.605159122,783831447
717,RUNE,thorchain,01/09/2022,1.911176443,575647296
718,RUNE,thorchain,01/10/2022,1.572906606,474761723.1
719,RUNE,thorchain,01/11/2022,0,0
720,RUNE,thorchain,01/12/2022,0,0
721,SNX,havven,01/01/2020,1.205577925,108373843.3
722,SNX,havven,01/02/2020,1.186333945,108203182.8
723,SNX,havven,01/03/2020,0.874179293,80201303.13
724,SNX,havven,01/04/2020,0.605582969,56467051.01
725,SNX,havven,01/05/2020,0.760459348,71725367.34
726,SNX,havven,01/06/2020,0.79459047,82340842.54
727,SNX,havven,01/07/2020,1.951212611,206767471.7
728,SNX,havven,01/08/2020,3.900548157,431238561.9
729,SNX,havven,01/09/2020,7.428943476,879055266.8
730,SNX,havven,01/10/2020,4.732347527,590681780.9
731,SNX,havven,01/11/2020,3.01275442,395423176.5
732,SNX,havven,01/12/2020,4.720383685,635149044
733,SNX,havven,01/01/2021,7.215907667,986674214.2
734,SNX,havven,01/02/2021,17.33263712,2478951354
735,SNX,havven,01/03/2021,18.63063373,2771073983
736,SNX,havven,01/04/2021,17.64601009,2632972265
737,SNX,havven,01/05/2021,18.19636199,2772461529
738,SNX,havven,01/06/2021,13.29486934,2048438874
739,SNX,havven,01/07/2021,7.332139341,1161274422
740,SNX,havven,01/08/2021,10.1809704,1718862035
741,SNX,havven,01/09/2021,11.62703848,2005871557
742,SNX,havven,01/10/2021,9.574120505,1674534930
743,SNX,havven,01/11/2021,10.07034357,1916143115
744,SNX,havven,01/12/2021,7.659366426,1471141991
745,SNX,havven,01/01/2022,5.499063142,1082204546
746,SNX,havven,01/02/2022,5.738505295,1154422795
747,SNX,havven,01/03/2022,4.150467332,878300806.8
748,SNX,havven,01/04/2022,6.835635896,1491577019
749,SNX,havven,01/05/2022,4.397419191,965453374.4
750,SNX,havven,01/06/2022,3.152872162,686980647.7
751,SNX,havven,01/07/2022,2.237802878,505686742.6
752,SNX,havven,01/08/2022,3.579318538,827089505.3
753,SNX,havven,01/09/2022,2.951388081,691426691.2
754,SNX,havven,01/10/2022,2.376606389,568855621.5
755,SNX,havven,01/11/2022,0,0
756,SNX,havven,01/12/2022,0,0
757,SPELL,spell-token,01/01/2020,0,0
758,SPELL,spell-token,01/02/2020,0,0
759,SPELL,spell-token,01/03/2020,0,0
760,SPELL,spell-token,01/04/2020,0,0
761,SPELL,spell-token,01/05/2020,0,0
762,SPELL,spell-token,01/06/2020,0,0
763,SPELL,spell-token,01/07/2020,0,0
764,SPELL,spell-token,01/08/2020,0,0
765,SPELL,spell-token,01/09/2020,0,0
766,SPELL,spell-token,01/10/2020,0,0
767,SPELL,spell-token,01/11/2020,0,0
768,SPELL,spell-token,01/12/2020,0,0
769,SPELL,spell-token,01/01/2021,0,0
770,SPELL,spell-token,01/02/2021,0,0
771,SPELL,spell-token,01/03/2021,0,0
772,SPELL,spell-token,01/04/2021,0,0
773,SPELL,spell-token,01/05/2021,0,0
774,SPELL,spell-token,01/06/2021,0.001421083,21373690.78
775,SPELL,spell-token,01/07/2021,0.000440887,8591774.603
776,SPELL,spell-token,01/08/2021,0.000357362,10127036.91
777,SPELL,spell-token,01/09/2021,0.001044123,41663759.75
778,SPELL,spell-token,01/10/2021,0.003513979,209084632.4
779,SPELL,spell-token,01/11/2021,0.029467976,2155491251
780,SPELL,spell-token,01/12/2021,0.01345774,1029106925
781,SPELL,spell-token,01/01/2022,0.02363577,1879847830
782,SPELL,spell-token,01/02/2022,0.007265752,583951745.7
783,SPELL,spell-token,01/03/2022,0.004358866,363687132.8
784,SPELL,spell-token,01/04/2022,0.004314639,395591255.9
785,SPELL,spell-token,01/05/2022,0.003031472,265203843.7
786,SPELL,spell-token,01/06/2022,0.001332216,122324479.3
787,SPELL,spell-token,01/07/2022,0.000945079,88149001.75
788,SPELL,spell-token,01/08/2022,0.001095357,105138933.4
789,SPELL,spell-token,01/09/2022,0.001338854,132764373.8
790,SPELL,spell-token,01/10/2022,0.001018877,103855252.8
791,SPELL,spell-token,01/11/2022,0,0
792,SPELL,spell-token,01/12/2022,0,0
793,SRM,serum,01/01/2020,0,0
794,SRM,serum,01/02/2020,0,0
795,SRM,serum,01/03/2020,0,0
796,SRM,serum,01/04/2020,0,0
797,SRM,serum,01/05/2020,0,0
798,SRM,serum,01/06/2020,0,0
799,SRM,serum,01/07/2020,0,0
800,SRM,serum,01/08/2020,0,0
801,SRM,serum,01/09/2020,3.400863729,170179911
802,SRM,serum,01/10/2020,1.843909013,92211833.96
803,SRM,serum,01/11/2020,0.975568173,48806184.62
804,SRM,serum,01/12/2020,1.059446332,53154033.9
805,SRM,serum,01/01/2021,1.042306106,51715837.9
806,SRM,serum,01/02/2021,2.440354371,120677738.2
807,SRM,serum,01/03/2021,4.950617789,250147810.8
808,SRM,serum,01/04/2021,5.495427921,275847262.4
809,SRM,serum,01/05/2021,9.605882062,480635280.8
810,SRM,serum,01/06/2021,4.768654529,237516731.9
811,SRM,serum,01/07/2021,3.568642657,178447743.7
812,SRM,serum,01/08/2021,4.048910645,202602476.7
813,SRM,serum,01/09/2021,8.426562885,420825729.3
814,SRM,serum,01/10/2021,7.459924342,993945587.3
815,SRM,serum,01/11/2021,7.247721088,966600391.9
816,SRM,serum,01/12/2021,5.649561437,752756505.7
817,SRM,serum,01/01/2022,3.421307193,458506389.2
818,SRM,serum,01/02/2022,2.327152232,309051736.2
819,SRM,serum,01/03/2022,2.091803325,278060236.6
820,SRM,serum,01/04/2022,3.239525473,430316603.5
821,SRM,serum,01/05/2022,1.838763453,479371576.9
822,SRM,serum,01/06/2022,1.134651335,380448606.3
823,SRM,serum,01/07/2022,0.837306941,327287171
824,SRM,serum,01/08/2022,0.994382537,370234528.2
825,SRM,serum,01/09/2022,0.782441323,291828973.3
826,SRM,serum,01/10/2022,0.765064958,284995786.7
827,SRM,serum,01/11/2022,0,0
828,SRM,serum,01/12/2022,0,0
829,SUSHI,sushi,01/01/2020,0,0
830,SUSHI,sushi,01/02/2020,0,0
831,SUSHI,sushi,01/03/2020,0,0
832,SUSHI,sushi,01/04/2020,0,0
833,SUSHI,sushi,01/05/2020,0,0
834,SUSHI,sushi,01/06/2020,0,0
835,SUSHI,sushi,01/07/2020,0,0
836,SUSHI,sushi,01/08/2020,0,0
837,SUSHI,sushi,01/09/2020,6.660759497,159041225.7
838,SUSHI,sushi,01/10/2020,1.280030137,127994145.5
839,SUSHI,sushi,01/11/2020,0.605114423,60476969.92
840,SUSHI,sushi,01/12/2020,1.568439027,195563876.8
841,SUSHI,sushi,01/01/2021,2.862797188,363590380.3
842,SUSHI,sushi,01/02/2021,10.18969518,1299952563
843,SUSHI,sushi,01/03/2021,15.04639582,1928023782
844,SUSHI,sushi,01/04/2021,14.64388635,2053765093
845,SUSHI,sushi,01/05/2021,14.35868604,2218969134
846,SUSHI,sushi,01/06/2021,12.48695828,2127312331
847,SUSHI,sushi,01/07/2021,8.158241211,1551303849
848,SUSHI,sushi,01/08/2021,8.938931701,1723541676
849,SUSHI,sushi,01/09/2021,12.0929005,2328749634
850,SUSHI,sushi,01/10/2021,10.14867,1955552502
851,SUSHI,sushi,01/11/2021,10.85055131,2094345156
852,SUSHI,sushi,01/12/2021,7.93314804,1510769405
853,SUSHI,sushi,01/01/2022,9.442705145,1827103399
854,SUSHI,sushi,01/02/2022,4.22904592,814451875.8
855,SUSHI,sushi,01/03/2022,3.492461114,663641833.2
856,SUSHI,sushi,01/04/2022,4.394855207,841744265.6
857,SUSHI,sushi,01/05/2022,2.333325417,447664212.2
858,SUSHI,sushi,01/06/2022,1.8833855,361478427.7
859,SUSHI,sushi,01/07/2022,0.970099345,184180671.5
860,SUSHI,sushi,01/08/2022,1.448183534,279025575.5
861,SUSHI,sushi,01/09/2022,1.03347798,199451095.2
862,SUSHI,sushi,01/10/2022,1.102340389,212729802.3
863,SUSHI,sushi,01/11/2022,0,0
864,SUSHI,sushi,01/12/2022,0,0
865,UNI,uniswap,01/01/2020,0,0
866,UNI,uniswap,01/02/2020,0,0
867,UNI,uniswap,01/03/2020,0,0
868,UNI,uniswap,01/04/2020,0,0
869,UNI,uniswap,01/05/2020,0,0
870,UNI,uniswap,01/06/2020,0,0
871,UNI,uniswap,01/07/2020,0,0
872,UNI,uniswap,01/08/2020,0,0
873,UNI,uniswap,01/09/2020,0,0
874,UNI,uniswap,01/10/2020,4.153261218,620840802.3
875,UNI,uniswap,01/11/2020,2.261015577,479933274.3
876,UNI,uniswap,01/12/2020,3.753490456,809636090.6
877,UNI,uniswap,01/01/2021,5.171078272,1099631636
878,UNI,uniswap,01/02/2021,17.63878712,5088183581
879,UNI,uniswap,01/03/2021,22.1590011,6884169920
880,UNI,uniswap,01/04/2021,28.04061638,14611600102
881,UNI,uniswap,01/05/2021,40.57540542,20966193259
882,UNI,uniswap,01/06/2021,28.27877373,14714510558
883,UNI,uniswap,01/07/2021,19.26720517,10017017558
884,UNI,uniswap,01/08/2021,21.90700669,11388284081
885,UNI,uniswap,01/09/2021,29.58457133,15407946681
886,UNI,uniswap,01/10/2021,23.44419174,12160020539
887,UNI,uniswap,01/11/2021,25.01129887,13016475093
888,UNI,uniswap,01/12/2021,21.13669847,9552390673
889,UNI,uniswap,01/01/2022,17.05830185,7753293079
890,UNI,uniswap,01/02/2022,11.82156876,5350103702
891,UNI,uniswap,01/03/2022,10.52503075,4787537581
892,UNI,uniswap,01/04/2022,11.27391679,5113517891
893,UNI,uniswap,01/05/2022,6.797648835,3102491917
894,UNI,uniswap,01/06/2022,5.698207198,2608012125
895,UNI,uniswap,01/07/2022,4.918530168,2215983426
896,UNI,uniswap,01/08/2022,8.412465354,3845847930
897,UNI,uniswap,01/09/2022,6.125115169,2793283429
898,UNI,uniswap,01/10/2022,6.449789651,4860601043
899,UNI,uniswap,01/11/2022,0,0
900,UNI,uniswap,01/12/2022,0,0
937,YFI,yearn-finance,01/01/2020,0,0
938,YFI,yearn-finance,01/02/2020,0,0
939,YFI,yearn-finance,01/03/2020,0,0
940,YFI,yearn-finance,01/04/2020,0,0
941,YFI,yearn-finance,01/05/2020,0,0
942,YFI,yearn-finance,01/06/2020,0,0
943,YFI,yearn-finance,01/07/2020,0,0
944,YFI,yearn-finance,01/08/2020,4128.207821,123514550.9
945,YFI,yearn-finance,01/09/2020,35059.68029,1052672982
946,YFI,yearn-finance,01/10/2020,23788.97098,714590581.4
947,YFI,yearn-finance,01/11/2020,10486.15916,314645012.1
948,YFI,yearn-finance,01/12/2020,26258.54075,792791597
949,YFI,yearn-finance,01/01/2021,22839.5975,684863860.8
950,YFI,yearn-finance,01/02/2021,30207.80197,905983532.3
951,YFI,yearn-finance,01/03/2021,30630.59222,1090143108
952,YFI,yearn-finance,01/04/2021,36096.61149,1305060188
953,YFI,yearn-finance,01/05/2021,48905.81251,1766137392
954,YFI,yearn-finance,01/06/2021,46995.11749,1702887213
955,YFI,yearn-finance,01/07/2021,33825.45949,1205682363
956,YFI,yearn-finance,01/08/2021,33354.85233,1190018799
957,YFI,yearn-finance,01/09/2021,38490.74832,1373847212
958,YFI,yearn-finance,01/10/2021,29191.5379,1041801264
959,YFI,yearn-finance,01/11/2021,34125.16467,1218912181
960,YFI,yearn-finance,01/12/2021,29572.57864,1057943325
961,YFI,yearn-finance,01/01/2022,33025.88479,1188960666
962,YFI,yearn-finance,01/02/2022,24886.13355,885807060.7
963,YFI,yearn-finance,01/03/2022,21547.98349,766298679.2
964,YFI,yearn-finance,01/04/2022,22269.24012,792984557.5
965,YFI,yearn-finance,01/05/2022,16658.68224,590531406.2
966,YFI,yearn-finance,01/06/2022,8051.959429,256133485.8
967,YFI,yearn-finance,01/07/2022,5303.604924,165524389.4
968,YFI,yearn-finance,01/08/2022,10927.42359,345876310.9
969,YFI,yearn-finance,01/09/2022,9033.150262,285255389.2
970,YFI,yearn-finance,01/10/2022,8132.035258,255587821.1
971,YFI,yearn-finance,01/11/2022,0,0
972,YFI,yearn-finance,01/12/2022,0,0
973,ZRX,0x,01/01/2020,0.18070247,109294294.6
974,ZRX,0x,01/02/2020,0.22619567,141962459.1
975,ZRX,0x,01/03/2020,0.228276357,143051190.4
976,ZRX,0x,01/04/2020,0.151743344,99365617.96
977,ZRX,0x,01/05/2020,0.199200769,130473752.5
978,ZRX,0x,01/06/2020,0.31664699,206666715.9
979,ZRX,0x,01/07/2020,0.335469465,234096971.6
980,ZRX,0x,01/08/2020,0.381572992,272502285
981,ZRX,0x,01/09/2020,0.615244492,443920658.7
982,ZRX,0x,01/10/2020,0.408988417,294455602.8
983,ZRX,0x,01/11/2020,0.324079262,233452047.9
984,ZRX,0x,01/12/2020,0.424548555,316613714.1
985,ZRX,0x,01/01/2021,0.354356868,264532680.3
986,ZRX,0x,01/02/2021,0.696418796,523581636.6
987,ZRX,0x,01/03/2021,1.207694824,911833723
988,ZRX,0x,01/04/2021,1.881978433,1428881407
989,ZRX,0x,01/05/2021,1.797882786,1427108740
990,ZRX,0x,01/06/2021,1.020452853,857832732.5
991,ZRX,0x,01/07/2021,0.739057798,624864225.6
992,ZRX,0x,01/08/2021,0.825753124,699557828.9
993,ZRX,0x,01/09/2021,1.067591895,902462077.9
994,ZRX,0x,01/10/2021,0.895769536,752350179.1
995,ZRX,0x,01/11/2021,1.183074087,990134748.6
996,ZRX,0x,01/12/2021,1.183041961,1000257311
997,ZRX,0x,01/01/2022,0.806867901,686205927
998,ZRX,0x,01/02/2022,0.568366233,481350163.7
999,ZRX,0x,01/03/2022,0.57412288,485509869
1000,ZRX,0x,01/04/2022,0.773478971,653611507.6
1001,ZRX,0x,01/05/2022,0.766188869,649609019.2
1002,ZRX,0x,01/06/2022,0.421684838,357281719
1003,ZRX,0x,01/07/2022,0.328590506,276980343.4
1004,ZRX,0x,01/08/2022,0.390906941,330796515.9
1005,ZRX,0x,01/09/2022,0.298393154,252932706
1006,ZRX,0x,01/10/2022,0.268360521,227503307.2
1007,ZRX,0x,01/11/2022,0,0
1008,ZRX,0x,01/12/2022,0,0
